d_model, num_layers, num_heads, batch_size, learning_rate, train_flops, loss
1024,2,2,128,0.001,10000000000000,10.542559516525268
928,14,14,256,0.001,10000000000000.0,10.543333482742309
928,14,14,256,0.001,10000000000000.0,10.543333482742309
928,14,14,256,0.001,10000000000000.0,10.543333482742309
928,14,14,256,0.001,10000000000000.0,10.543333482742309
928,14,14,256,0.001,10000000000000,10.543333482742309
928,14,14,256,0.001,10000000000000,10.543333482742309
928,14,14,256,0.001,10000000000000,10.543333482742309
928,14,14,256,0.001,10000000000000,10.543333482742309
928,14,14,256,0.001,10000000000000,10.543333482742309
928,14,14,256,0.001,10000000000000,10.543333482742309
928,14,14,256,0.001,10000000000000,10.543333482742309
928,14,14,256,0.001,10000000000000,10.543333482742309
928,14,14,256,0.001,10000000000000,10.543333482742309
928,14,14,256,0.001,10000000000000,10.543333482742309
951,16,14,128,0.0001,10000000000000,10.541300649642944
951,16,14,128,0.0001,10000000000000,10.541300649642944
951,16,14,128,0.0001,10000000000000,10.541300649642944
952,17,15,128,0.0001,10000000000000,10.541229057312012
928,14,14,256,0.001,10000000000000,10.543333482742309
952,17,15,128,0.0001,10000000000000,10.541229057312012
928,14,14,256,0.001,10000000000000,10.543333482742309
952,17,15,128,0.0001,10000000000000,10.541229057312012
928,14,14,256,0.001,10000000000000,10.543333482742309
959,18,15,128,0.0001,10000000000000,10.541229057312012
928,14,14,256,0.001,10000000000000,10.543333482742309
919,13,16,128,0.0001,10000000000000,10.541300649642944
928,14,14,256,0.001,10000000000000,10.543333482742309
952,17,15,128,0.0001,10000000000000,10.541229057312012
928,14,14,256,0.001,10000000000000,10.543333482742309
959,18,15,128,0.0001,10000000000000,10.541229057312012
928,14,14,256,0.001,10000000000000,10.543333482742309
919,13,16,128,0.0001,10000000000000,10.541300649642944
928,14,14,256,0.001,10000000000000,10.543333482742309
952,17,15,128,0.0001,10000000000000,10.541229057312012
928,14,14,256,0.001,10000000000000,10.543333482742309
959,18,15,128,0.0001,10000000000000,10.541229057312012
928,14,14,256,0.001,10000000000000,10.543333482742309
919,13,16,128,0.0001,10000000000000,10.541300649642944
928,14,14,256,0.001,10000000000000,10.543333482742309
952,17,15,128,0.0001,10000000000000,10.541229057312012
928,14,14,256,0.001,10000000000000,10.543333482742309
959,18,15,128,0.0001,10000000000000,10.541229057312012
928,14,14,256,0.001,10000000000000,10.543333482742309
919,13,16,128,0.0001,10000000000000,10.541300649642944
928,14,14,256,0.001,10000000000000,10.543333482742309
952,17,15,128,0.0001,10000000000000,10.541229057312012
928,14,14,256,0.001,10000000000000,10.543333482742309
959,18,15,128,0.0001,10000000000000,10.541229057312012
928,14,14,256,0.001,10000000000000,10.543333482742309
919,13,16,128,0.0001,10000000000000,10.541300649642944
928,14,14,256,0.001,10000000000000,10.543333482742309
952,17,15,128,0.0001,10000000000000,10.541229057312012
928,14,14,256,0.001,10000000000000,10.543333482742309
959,18,15,128,0.0001,10000000000000,10.541229057312012
928,14,14,256,0.001,10000000000000,10.543333482742309
919,13,16,128,0.0001,10000000000000,10.541300649642944
928,14,14,256,0.001,10000000000000,10.543333482742309
952,17,15,128,0.0001,10000000000000,10.541229057312012
928,14,14,256,0.001,10000000000000,10.543333482742309
959,18,15,128,0.0001,10000000000000,10.541229057312012
928,14,14,256,0.001,10000000000000,10.543333482742309
919,13,16,128,0.0001,10000000000000,10.541300649642944
928,14,14,256,0.001,10000000000000,10.543333482742309
952,17,15,128,0.0001,10000000000000,10.541229057312012
928,14,14,256,0.001,10000000000000,10.543333482742309
959,18,15,128,0.0001,10000000000000,10.541229057312012
928,14,14,256,0.001,10000000000000,10.543333482742309
919,13,16,128,0.0001,10000000000000,10.541300649642944
928,14,14,256,0.001,10000000000000,10.543333482742309
952,17,15,128,0.0001,10000000000000,10.541229057312012
927,13,13,256,0.001,10000000000000,10.543333482742309
958,17,14,128,0.0001,10000000000000,10.541229057312012
926,12,12,256,0.001,10000000000000,10.545816946029664
917,11,14,128,0.0001,10000000000000,10.541300649642944
928,14,14,256,0.001,10000000000000,10.543333482742309
952,17,15,128,0.0001,10000000000000,10.541229057312012
928,14,14,256,0.001,10000000000000,10.543333482742309
952,17,15,128,0.0001,10000000000000,10.541229057312012
194,14,14,256,0.001,10000000000000,10.544493228912353
204,15,11,128,0.0001,10000000000000,10.546306355942038
194,14,14,256,0.001,10000000000000,10.544493228912353
204,15,11,128,0.0001,10000000000000,10.546306355942038
204,15,13,128,0.0001,10000000000000,10.540584328784611
214,14,14,256,0.001,10000000000000,10.544493228912353
214,14,14,256,0.001,10000000000000,10.544493228912353
234,12,13,128,0.0001,10000000000000,10.540822411762655
204,15,15,256,0.001,10000000000000,10.544493228912353
224,14,13,128,0.0001,10000000000000,10.540822411762655
194,16,16,256,0.001,10000000000000,10.544493228912353
224,13,15,128,0.0001,10000000000000,10.540584328784611
184,17,16,256,0.001,10000000000000,10.541376672425272
204,14,14,128,0.0001,10000000000000,10.540443168391853
174,18,16,256,0.001,10000000000000,10.541376672425272
194,21,13,128,0.0001,10000000000000,10.539619230114399
164,17,16,256,0.001,10000000000000,10.540597166314125
184,16,13,128,0.0001,10000000000000,10.53987473915848
154,18,16,256,0.001,10000000000000,10.540597166314125
184,19,15,128,0.0001,10000000000000,10.537110777071414
144,17,16,256,0.001,10000000000000,10.540597166314125
134,15,15,128,0.0001,10000000000000,10.543700182365997
184,17,16,256,0.001,10000000000000,10.541376672425272
214,17,16,128,0.0001,10000000000000,10.540822411762655
174,17,16,256,0.001,10000000000000,10.541376672425272
184,17,16,256,0.0001,10000000000000,10.541452592824193
184,17,16,256,0.0001,10000000000000,10.541452592824193
174,18,14,128,0.0001,10000000000000,10.539845996368255
194,16,16,256,0.0001,10000000000000,10.539252504605502
174,19,13,256,0.001,10000000000000,10.541249890708922
184,17,15,256,0.001,10000000000000,10.541376672425272
174,14,12,256,0.0001,10000000000000,10.538482641443252
194,18,16,256,0.001,10000000000000,10.544458935737612
204,15,15,256,0.0001,10000000000000,10.539252504605502
184,19,16,256,0.001,10000000000000,10.541249890708922
194,21,14,256,0.0001,10000000000000,10.539286810510843
174,18,16,256,0.001,10000000000000,10.541376672425272
204,19,15,128,0.001,10000000000000,10.545393156528473
184,19,15,128,0.001,10000000000000,10.540776486607264
154,21,15,128,0.0001,10000000000000,10.536969616678652
194,18,15,128,0.001,10000000000000,10.545633975219726
224,21,14,128,0.0001,10000000000000,10.538309782062951
928,16,16,256,0.0001,10000000000000,10.541555480957031
931,16,16,128,0.0001,10000000000000,10.541300649642944
927,16,16,256,0.0001,10000000000000,10.541555480957031
928,16,16,256,0.0001,10000000000000,10.541555480957031
927,16,16,256,0.0001,10000000000000,10.541555480957031
926,17,14,128,0.0001,10000000000000,10.541229057312012
928,15,16,256,0.0001,10000000000000,10.541555480957031
926,18,13,256,0.001,10000000000000,10.543230390548706
927,16,15,256,0.001,10000000000000,10.54341263771057
926,13,12,256,0.0001,10000000000000,10.539968814849853
928,17,16,256,0.001,10000000000000,10.543230390548706
929,14,15,256,0.0001,10000000000000,10.54169729232788
927,18,16,256,0.001,10000000000000,10.543230390548706
928,20,14,256,0.0001,10000000000000,10.541471929550172
926,17,16,256,0.001,10000000000000,10.543230390548706
929,18,15,128,0.001,10000000000000,10.542788346481323
925,16,16,256,0.001,10000000000000,10.54341263771057
922,18,16,128,0.0001,10000000000000,10.541229057312012
926,15,16,256,0.001,10000000000000,10.54341263771057
929,18,15,128,0.0001,10000000000000,10.541229057312012
925,14,16,256,0.001,10000000000000,10.543333482742309
927,17,13,128,0.001,10000000000000,10.542788346481323
924,13,16,256,0.001,10000000000000,10.543333482742309
922,16,14,256,0.001,10000000000000,10.54341263771057
923,14,15,256,0.001,10000000000000,10.543333482742309
920,13,16,256,0.001,10000000000000,10.543333482742309
923,14,15,256,0.001,10000000000000,10.543333482742309
922,15,14,128,0.0001,10000000000000,10.541300649642944
924,13,16,256,0.001,10000000000000,10.543333482742309
927,14,14,256,0.0001,10000000000000,10.54169729232788
923,12,16,256,0.001,10000000000000,10.543333482742309
920,13,16,256,0.001,10000000000000,10.543333482742309
923,12,16,256,0.001,10000000000000,10.543333482742309
922,10,14,128,0.001,10000000000000,10.543300428390502
924,13,16,256,0.001,10000000000000,10.543333482742309
925,15,15,256,0.001,10000000000000,10.54341263771057
925,14,15,256,0.001,10000000000000,10.543333482742309
922,16,13,128,0.001,10000000000000,10.542970593643188
926,13,16,256,0.001,10000000000000,10.543333482742309
929,10,16,256,0.001,10000000000000,10.54366701221466
927,12,16,256,0.001,10000000000000,10.543333482742309
930,10,16,256,0.0001,10000000000000,10.542461681365968
926,13,16,256,0.001,10000000000000,10.543333482742309
926,15,15,128,0.0001,10000000000000,10.541300649642944
926,12,16,256,0.001,10000000000000,10.543333482742309
927,9,16,256,0.001,10000000000000,10.54366701221466
927,11,16,256,0.001,10000000000000,10.543333482742309
925,8,15,128,0.001,10000000000000,10.541394195556641
928,12,16,256,0.001,10000000000000,10.543333482742309
927,15,14,256,0.0001,10000000000000,10.541555480957031
929,11,16,256,0.001,10000000000000,10.543333482742309
932,8,13,128,0.001,10000000000000,10.541394195556641
928,12,16,256,0.001,10000000000000,10.543333482742309
925,15,13,128,0.001,10000000000000,10.542970593643188
929,11,16,256,0.001,10000000000000,10.543333482742309
931,9,13,256,0.001,10000000000000,10.54366701221466
930,10,15,256,0.001,10000000000000,10.54366701221466
929,13,12,128,0.001,10000000000000,10.547317790985108
929,11,14,128,0.001,10000000000000,10.542812995910644
927,9,16,128,0.0001,10000000000000,10.542799806594848
930,12,13,128,0.001,10000000000000,10.542812995910644
928,14,16,128,0.001,10000000000000,10.542812995910644
930,12,13,128,0.001,10000000000000,10.542812995910644
931,12,14,128,0.0001,10000000000000,10.541300649642944
929,12,12,128,0.001,10000000000000,10.547317790985108
926,10,9,256,0.0001,10000000000000,10.539414463043213
930,13,13,128,0.001,10000000000000,10.542812995910644
930,11,10,256,0.001,10000000000000,10.546058130264282
930,12,12,256,0.001,10000000000000,10.545816946029664
931,9,14,256,0.001,10000000000000,10.54366701221466
929,13,11,256,0.001,10000000000000,10.545816946029664
928,12,13,256,0.001,10000000000000,10.543333482742309
930,14,10,256,0.001,10000000000000,10.546058130264282
932,16,8,128,0.001,10000000000000,10.54759183883667
931,15,9,128,0.001,10000000000000,10.54759183883667
934,13,8,256,0.001,10000000000000,10.5461176776886
930,16,10,128,0.001,10000000000000,10.547532291412354
931,16,12,128,0.001,10000000000000,10.547317790985108
929,16,9,128,0.001,10000000000000,10.54759183883667
929,18,9,256,0.0001,10000000000000,10.540183143615723
929,15,9,128,0.001,10000000000000,10.54759183883667
929,18,11,256,0.001,10000000000000,10.545634698867797
929,14,8,128,0.001,10000000000000,10.54759183883667
930,16,5,256,0.001,10000000000000,10.546114044189453
928,13,9,128,0.001,10000000000000,10.54759183883667
927,15,6,256,0.001,10000000000000,10.546136512756348
929,12,10,128,0.001,10000000000000,10.547532291412354
927,15,10,256,0.0001,10000000000000,10.539905195236207
930,11,10,128,0.001,10000000000000,10.547532291412354
932,10,11,128,0.0001,10000000000000,10.539208898544311
929,12,9,128,0.001,10000000000000,10.54759183883667
929,14,9,128,0.001,10000000000000,10.54759183883667
929,12,9,128,0.001,10000000000000,10.54759183883667
930,10,11,256,0.001,10000000000000,10.543981524467467
928,13,8,128,0.001,10000000000000,10.54759183883667
926,11,10,256,0.0001,10000000000000,10.540297870635987
929,14,7,128,0.001,10000000000000,10.54759183883667
931,16,8,256,0.001,10000000000000,10.5461176776886
928,13,6,128,0.001,10000000000000,10.547159676647187
928,16,8,256,0.001,10000000000000,10.5461176776886
928,12,5,128,0.001,10000000000000,10.547216286754608
926,12,2,256,0.001,10000000000000,10.54649079322815
929,12,6,128,0.001,10000000000000,10.547159676647187
929,13,6,128,0.001,10000000000000,10.547159676647187
929,12,6,128,0.001,10000000000000,10.547159676647187
929,11,5,256,0.001,10000000000000,10.54622594833374
929,13,7,128,0.001,10000000000000,10.54759183883667
932,16,10,256,0.001,10000000000000,10.546058130264282
928,12,6,128,0.001,10000000000000,10.547159676647187
929,14,3,128,0.001,10000000000000,10.547199980545042
929,13,5,128,0.001,10000000000000,10.547216286754608
929,15,5,256,0.001,10000000000000,10.546114044189453
929,12,5,128,0.001,10000000000000,10.547216286754608
927,9,7,128,0.001,10000000000000,10.545139560699463
930,13,4,128,0.001,10000000000000,10.547216286754608
928,10,6,128,0.0001,10000000000000,10.548576192855835
929,12,5,128,0.0001,10000000000000,10.546785945892333
928,14,3,128,0.0001,10000000000000,10.537435884475707
930,11,6,128,0.0001,10000000000000,10.547070274353027
933,11,8,128,0.001,10000000000000,10.54759183883667
931,11,7,128,0.001,10000000000000,10.54759183883667
930,11,10,128,0.0001,10000000000000,10.540784606933594
932,11,6,128,0.001,10000000000000,10.547159676647187
930,13,7,256,0.001,10000000000000,10.5461176776886
933,10,5,128,0.001,10000000000000,10.546962699890138
936,8,4,128,0.001,10000000000000,10.543160591125488
932,11,6,128,0.001,10000000000000,10.547159676647187
929,9,8,256,0.0001,10000000000000,10.539414463043213
933,12,5,128,0.001,10000000000000,10.547216286754608
932,13,8,128,0.0001,10000000000000,10.5407182598114
934,11,4,128,0.001,10000000000000,10.547216286754608
936,13,5,256,0.0001,10000000000000,10.546602411270142
933,10,3,128,0.001,10000000000000,10.546572027206421
936,11,3,128,0.0001,10000000000000,10.537435884475707
932,9,3,128,0.001,10000000000000,10.546572027206421
933,8,2,128,0.001,10000000000000,10.547056312561034
933,8,2,128,0.001,10000000000000,10.547056312561034
932,7,4,256,0.001,10000000000000,10.541416366291045
934,9,2,128,0.001,10000000000000,10.546572027206421
933,12,2,128,0.0001,10000000000000,10.537435884475707
935,8,2,128,0.001,10000000000000,10.547056312561034
933,6,4,256,0.0001,10000000000000,10.544324655532836
936,9,2,128,0.001,10000000000000,10.546572027206421
937,7,4,128,0.0001,10000000000000,10.544632091522217
935,10,2,128,0.001,10000000000000,10.546572027206421
937,8,2,256,0.001,10000000000000,10.546177253437042
934,11,2,128,0.001,10000000000000,10.547199980545042
937,12,2,256,0.0001,10000000000000,10.537933464050292
933,10,2,128,0.001,10000000000000,10.546572027206421
936,9,4,256,0.001,10000000000000,10.546159112644196
932,11,2,128,0.001,10000000000000,10.547199980545042
929,12,5,256,0.0001,10000000000000,10.546602411270142
933,10,2,128,0.001,10000000000000,10.546572027206421
936,13,4,128,0.0001,10000000000000,10.546785945892333
934,11,3,128,0.0001,10000000000000,10.537435884475707
931,13,5,256,0.001,10000000000000,10.54622594833374
933,12,4,256,0.001,10000000000000,10.54622594833374
932,11,7,128,0.001,10000000000000,10.54759183883667
932,11,5,128,0.001,10000000000000,10.547216286754608
934,12,5,128,0.001,10000000000000,10.547216286754608
932,11,5,128,0.001,10000000000000,10.547216286754608
935,8,3,128,0.001,10000000000000,10.547056312561034
931,12,6,128,0.001,10000000000000,10.547159676647187
931,9,3,256,0.0001,10000000000000,10.538707027435303
931,13,7,128,0.001,10000000000000,10.54759183883667
931,13,10,128,0.0001,10000000000000,10.540784606933594
931,13,6,128,0.001,10000000000000,10.547159676647187
928,12,4,256,0.001,10000000000000,10.54622594833374
932,14,7,128,0.001,10000000000000,10.54759183883667
932,12,6,128,0.001,10000000000000,10.547159676647187
932,15,8,128,0.001,10000000000000,10.54759183883667
935,18,11,128,0.0001,10000000000000,10.54079984664917
931,14,7,128,0.001,10000000000000,10.54759183883667
934,16,5,128,0.0001,10000000000000,10.546785945892333
930,13,8,128,0.001,10000000000000,10.54759183883667
930,12,6,128,0.001,10000000000000,10.547159676647187
930,14,9,128,0.001,10000000000000,10.54759183883667
931,12,6,128,0.0001,10000000000000,10.547070274353027
929,15,10,128,0.001,10000000000000,10.547532291412354
929,14,11,128,0.001,10000000000000,10.547317790985108
929,16,9,128,0.001,10000000000000,10.54759183883667
930,16,7,256,0.0001,10000000000000,10.539838848114014
928,16,10,128,0.001,10000000000000,10.547532291412354
929,16,12,256,0.0001,10000000000000,10.539576139450073
927,16,9,128,0.001,10000000000000,10.54759183883667
927,18,11,128,0.001,10000000000000,10.5470412109375
927,15,8,128,0.001,10000000000000,10.54759183883667
924,14,10,256,0.0001,10000000000000,10.540297870635987
928,16,7,128,0.001,10000000000000,10.54759183883667
925,17,5,256,0.001,10000000000000,10.5459889793396
929,15,8,128,0.001,10000000000000,10.54759183883667
932,15,9,256,0.0001,10000000000000,10.539838848114014
928,15,7,128,0.001,10000000000000,10.54759183883667
925,18,4,128,0.001,10000000000000,10.547091221904754
929,14,8,128,0.001,10000000000000,10.54759183883667
927,12,5,256,0.001,10000000000000,10.54622594833374
930,15,9,128,0.001,10000000000000,10.54759183883667
933,18,9,256,0.001,10000000000000,10.545935430526733
929,14,9,128,0.001,10000000000000,10.54759183883667
932,12,12,256,0.0001,10000000000000,10.539968814849853
933,12,4,256,0.001,10000000000000,10.54622594833374
936,12,5,128,0.0001,10000000000000,10.546785945892333
934,12,5,128,0.0001,10000000000000,10.546785945892333
935,12,5,256,0.0001,10000000000000,10.546602411270142
933,12,5,128,0.0001,10000000000000,10.546785945892333
932,13,3,128,0.0001,10000000000000,10.537435884475707
932,13,3,128,0.0001,10000000000000,10.537435884475707
930,16,2,256,0.001,10000000000000,10.54649079322815
931,14,2,256,0.001,10000000000000,10.54649079322815
930,11,2,256,0.0001,10000000000000,10.537933464050292
932,15,2,256,0.001,10000000000000,10.54649079322815
933,12,4,256,0.0001,10000000000000,10.546602411270142
933,14,3,256,0.0001,10000000000000,10.537933464050292
934,16,3,256,0.0001,10000000000000,10.537708177566529
932,13,3,256,0.0001,10000000000000,10.537933464050292
935,14,4,128,0.001,10000000000000,10.547216286754608
933,14,4,128,0.001,10000000000000,10.547216286754608
930,16,5,128,0.0001,10000000000000,10.546785945892333
934,13,3,128,0.001,10000000000000,10.547199980545042
937,16,4,128,0.0001,10000000000000,10.546785945892333
933,12,2,128,0.001,10000000000000,10.547199980545042
935,15,2,128,0.001,10000000000000,10.547199980545042
933,12,2,128,0.001,10000000000000,10.547199980545042
931,15,3,256,0.001,10000000000000,10.54649079322815
934,11,2,128,0.001,10000000000000,10.547199980545042
931,10,5,128,0.0001,10000000000000,10.548362092971802
933,10,3,128,0.0001,10000000000000,10.538751010894776
934,9,2,256,0.001,10000000000000,10.545638255786896
934,9,2,256,0.001,10000000000000,10.545638255786896
937,10,4,256,0.001,10000000000000,10.546159112644196
935,10,3,256,0.001,10000000000000,10.545638255786896
936,13,5,256,0.001,10000000000000,10.54622594833374
936,11,4,256,0.001,10000000000000,10.54622594833374
935,9,3,128,0.001,10000000000000,10.546572027206421
935,10,3,128,0.001,10000000000000,10.546572027206421
936,12,4,256,0.001,10000000000000,10.54622594833374
934,9,2,128,0.001,10000000000000,10.546572027206421
931,11,3,128,0.001,10000000000000,10.547199980545042
933,10,3,128,0.001,10000000000000,10.546572027206421
936,7,6,256,0.0001,10000000000000,10.54444860458374
932,11,2,128,0.001,10000000000000,10.547199980545042
933,14,3,128,0.0001,10000000000000,10.537435884475707
931,10,2,128,0.001,10000000000000,10.546572027206421
932,9,5,256,0.0001,10000000000000,10.547849025726318
932,9,3,256,0.0001,10000000000000,10.538707027435303
929,8,6,128,0.0001,10000000000000,10.545151948928833
931,8,4,128,0.0001,10000000000000,10.545131273269654
932,10,4,128,0.001,10000000000000,10.546962699890138
932,9,4,128,0.001,10000000000000,10.546962699890138
929,11,4,128,0.001,10000000000000,10.547216286754608
931,10,4,128,0.001,10000000000000,10.546962699890138
930,13,3,256,0.0001,10000000000000,10.537933464050292
932,9,5,128,0.001,10000000000000,10.546962699890138
935,6,2,128,0.001,10000000000000,10.547659022521973
933,8,4,128,0.001,10000000000000,10.543160591125488
930,11,6,128,0.001,10000000000000,10.547159676647187
932,9,5,128,0.001,10000000000000,10.546962699890138
929,11,3,128,0.0001,10000000000000,10.537435884475707
933,8,6,128,0.001,10000000000000,10.542891883850098
930,7,9,128,0.001,10000000000000,10.545295505523681
932,7,7,128,0.001,10000000000000,10.545295505523681
933,4,5,128,0.001,10000000000000,10.541348218917847
931,8,8,128,0.001,10000000000000,10.544847240447998
931,6,10,128,0.001,10000000000000,10.543971538543701
931,9,7,128,0.001,10000000000000,10.545139560699463
932,9,8,128,0.0001,10000000000000,10.539726333618164
930,9,6,128,0.001,10000000000000,10.546892185211181
927,7,3,256,0.0001,10000000000000,10.539322147369385
931,10,7,128,0.001,10000000000000,10.545139560699463
931,8,4,256,0.001,10000000000000,10.542783830356598
931,11,8,128,0.001,10000000000000,10.54759183883667
932,8,10,256,0.001,10000000000000,10.543475066184996
930,12,7,128,0.001,10000000000000,10.54759183883667
929,11,9,256,0.001,10000000000000,10.5461176776886
931,13,6,128,0.001,10000000000000,10.547159676647187
933,15,4,128,0.001,10000000000000,10.547216286754608
932,14,5,128,0.001,10000000000000,10.547216286754608
935,12,4,256,0.001,10000000000000,10.54622594833374
931,15,6,128,0.001,10000000000000,10.547159676647187
932,15,8,128,0.001,10000000000000,10.54759183883667
932,15,7,128,0.001,10000000000000,10.54759183883667
932,17,7,256,0.0001,10000000000000,10.540183143615723
932,14,7,128,0.001,10000000000000,10.54759183883667
932,17,9,256,0.001,10000000000000,10.545935430526733
932,13,6,128,0.001,10000000000000,10.547159676647187
933,15,3,256,0.001,10000000000000,10.54649079322815
931,12,7,128,0.001,10000000000000,10.54759183883667
930,14,4,256,0.001,10000000000000,10.54622594833374
932,11,8,128,0.001,10000000000000,10.54759183883667
930,14,8,256,0.0001,10000000000000,10.540231523513794
933,10,8,128,0.001,10000000000000,10.545139560699463
935,9,9,128,0.0001,10000000000000,10.539726333618164
932,11,7,128,0.001,10000000000000,10.54759183883667
932,13,7,128,0.001,10000000000000,10.54759183883667
932,11,7,128,0.001,10000000000000,10.54759183883667
933,9,9,256,0.001,10000000000000,10.544158659934997
931,12,6,128,0.001,10000000000000,10.547159676647187
929,10,8,256,0.0001,10000000000000,10.539414463043213
932,13,5,128,0.001,10000000000000,10.547216286754608
934,15,6,256,0.001,10000000000000,10.546136512756348
931,12,4,128,0.001,10000000000000,10.547216286754608
931,15,7,256,0.001,10000000000000,10.5461176776886
931,11,3,128,0.001,10000000000000,10.547199980545042
929,11,2,256,0.001,10000000000000,10.54649079322815
932,11,4,128,0.001,10000000000000,10.547216286754608
932,12,5,128,0.001,10000000000000,10.547216286754608
932,11,4,128,0.001,10000000000000,10.547216286754608
932,10,4,256,0.001,10000000000000,10.546159112644196
932,12,4,128,0.001,10000000000000,10.547216286754608
935,15,5,128,0.001,10000000000000,10.547216286754608
932,12,4,128,0.001,10000000000000,10.547216286754608
935,14,3,128,0.0001,10000000000000,10.537435884475707
931,11,5,128,0.001,10000000000000,10.547216286754608
933,11,4,128,0.001,10000000000000,10.547216286754608
931,11,5,128,0.001,10000000000000,10.547216286754608
928,13,8,128,0.001,10000000000000,10.54759183883667
930,12,6,128,0.001,10000000000000,10.547159676647187
928,9,7,128,0.0001,10000000000000,10.539726333618164
931,13,5,128,0.001,10000000000000,10.547216286754608
930,15,3,128,0.0001,10000000000000,10.537435884475707
932,12,6,128,0.001,10000000000000,10.547159676647187
935,12,8,128,0.001,10000000000000,10.54759183883667
933,12,7,128,0.001,10000000000000,10.54759183883667
932,12,10,128,0.0001,10000000000000,10.540784606933594
934,12,6,128,0.001,10000000000000,10.547159676647187
932,14,7,256,0.001,10000000000000,10.5461176776886
935,11,5,128,0.001,10000000000000,10.547216286754608
938,9,4,128,0.001,10000000000000,10.546962699890138
934,12,6,128,0.001,10000000000000,10.547159676647187
931,10,8,256,0.0001,10000000000000,10.539414463043213
935,13,5,128,0.001,10000000000000,10.547216286754608
934,14,8,128,0.0001,10000000000000,10.5407182598114
936,12,4,128,0.001,10000000000000,10.547216286754608
938,14,5,256,0.0001,10000000000000,10.546602411270142
935,11,3,128,0.001,10000000000000,10.547199980545042
938,12,3,128,0.0001,10000000000000,10.537435884475707
934,10,3,128,0.001,10000000000000,10.546572027206421
935,9,2,128,0.001,10000000000000,10.546572027206421
934,10,3,128,0.001,10000000000000,10.546572027206421
933,9,4,256,0.001,10000000000000,10.546159112644196
935,11,2,128,0.001,10000000000000,10.547199980545042
934,14,2,128,0.0001,10000000000000,10.537435884475707
936,10,2,128,0.001,10000000000000,10.546572027206421
934,8,4,256,0.0001,10000000000000,10.544806604385377
937,11,2,128,0.001,10000000000000,10.547199980545042
938,9,4,128,0.0001,10000000000000,10.548362092971802
938,10,3,128,0.0001,10000000000000,10.538751010894776
940,8,2,256,0.001,10000000000000,10.546177253437042
939,9,2,256,0.001,10000000000000,10.545638255786896
942,10,2,256,0.0001,10000000000000,10.538707027435303
938,8,2,256,0.001,10000000000000,10.546177253437042
941,7,4,256,0.001,10000000000000,10.541416366291045
937,9,2,256,0.001,10000000000000,10.545638255786896
934,10,5,256,0.0001,10000000000000,10.547849025726318
936,10,3,256,0.0001,10000000000000,10.538707027435303
939,13,4,128,0.0001,10000000000000,10.546785945892333
937,11,4,128,0.0001,10000000000000,10.546785945892333
934,13,5,256,0.001,10000000000000,10.54622594833374
938,10,3,128,0.0001,10000000000000,10.538751010894776
937,9,3,128,0.0001,10000000000000,10.538751010894776
938,10,3,128,0.0001,10000000000000,10.538751010894776
941,12,2,128,0.001,10000000000000,10.547199980545042
939,11,2,128,0.001,10000000000000,10.547199980545042
937,13,3,128,0.0001,10000000000000,10.537435884475707
940,10,2,128,0.001,10000000000000,10.546572027206421
937,7,5,256,0.0001,10000000000000,10.544427928924561
941,11,2,128,0.001,10000000000000,10.547199980545042
941,14,3,256,0.001,10000000000000,10.54649079322815
941,10,2,128,0.001,10000000000000,10.546572027206421
940,8,4,128,0.0001,10000000000000,10.545131273269654
942,11,2,128,0.001,10000000000000,10.547199980545042
940,10,2,128,0.001,10000000000000,10.546572027206421
943,12,2,128,0.001,10000000000000,10.547199980545042
944,12,3,128,0.0001,10000000000000,10.537435884475707
942,12,2,128,0.001,10000000000000,10.547199980545042
942,11,3,128,0.001,10000000000000,10.547199980545042
942,12,2,128,0.001,10000000000000,10.547199980545042
943,10,2,128,0.0001,10000000000000,10.538751010894776
941,13,2,128,0.001,10000000000000,10.547199980545042
941,12,3,128,0.0001,10000000000000,10.537435884475707
941,14,2,128,0.001,10000000000000,10.547199980545042
939,15,5,256,0.0001,10000000000000,10.546331186294555
942,13,2,128,0.001,10000000000000,10.547199980545042
944,12,5,256,0.001,10000000000000,10.54622594833374
941,14,2,128,0.001,10000000000000,10.547199980545042
942,15,3,128,0.0001,10000000000000,10.537435884475707
940,13,2,128,0.001,10000000000000,10.547199980545042
942,15,4,256,0.001,10000000000000,10.546114044189453
939,12,2,128,0.001,10000000000000,10.547199980545042
940,10,4,128,0.0001,10000000000000,10.548362092971802
940,11,3,128,0.0001,10000000000000,10.537435884475707
941,10,5,128,0.001,10000000000000,10.546962699890138
941,10,4,128,0.001,10000000000000,10.546962699890138
942,13,2,128,0.001,10000000000000,10.547199980545042
942,11,3,128,0.001,10000000000000,10.547199980545042
940,8,4,128,0.0001,10000000000000,10.545131273269654
943,12,2,128,0.001,10000000000000,10.547199980545042
942,15,3,128,0.0001,10000000000000,10.537435884475707
944,11,2,128,0.001,10000000000000,10.547199980545042
943,12,5,128,0.001,10000000000000,10.547216286754608
932,13,3,128,0.0001,10000000000000,10.537435884475707
928,14,14,256,0.001,10000000000000,10.543333482742309
931,14,4,256,0.001,10000000000000,10.54622594833374
329,18,9,256,0.0001,10000000000000,10.534789200496673
329,18,9,256,0.0001,10000000000000,10.534789200496673
552,13,11,128,0.001,10000000000000,10.547768195533754
330,17,10,128,0.001,10000000000000,10.537553610992434
352,6,14,128,0.0001,10000000000000,10.540604323135792
331,16,11,128,0.0001,10000000000000,10.5379569814682
995,19,13,128,0.0001,10000000000000,10.54150207939148
332,17,12,128,0.0001,10000000000000,10.539505838796615
165,4,16,256,0.0001,10000000000000,10.54605920759575
331,16,13,256,0.0001,10000000000000,10.537232926576822
637,5,7,256,0.0001,10000000000000,10.539134292602538
332,15,12,256,0.0001,10000000000000,10.531699236011505
689,22,16,128,0.0001,10000000000000,10.539326376342775
333,16,13,128,0.0001,10000000000000,10.539195711820817
517,18,6,128,0.001,10000000000000,10.543693329524995
334,17,12,128,0.001,10000000000000,10.537720917606357
159,14,13,128,0.0001,10000000000000,10.540048276056872
159,14,13,128,0.0001,10000000000000,10.540048276056872
911,12,5,256,0.001,10000000000000,10.54622594833374
160,13,12,256,0.001,10000000000000,10.546799674407959
259,20,5,128,0.001,10000000000000,10.540377671718607
159,12,13,256,0.001,10000000000000,10.541381991257667
886,19,9,128,0.001,10000000000000,10.546619200515748
160,13,12,128,0.001,10000000000000,10.533419658416268
391,18,16,256,0.001,10000000000000,10.542805306911468
391,18,16,256,0.001,10000000000000,10.542805306911468
372,19,6,128,0.0001,10000000000000,10.54309410390854
390,19,15,128,0.0001,10000000000000,10.53922572555542
898,19,5,256,0.0001,10000000000000,10.546078147888183
391,19,14,256,0.0001,10000000000000,10.539087362289429
157,21,14,256,0.0001,10000000000000,10.541495130128117
157,21,14,256,0.0001,10000000000000,10.541495130128117
653,9,6,128,0.001,10000000000000,10.541554622077943
158,20,13,128,0.001,10000000000000,10.540539190407467
905,7,2,256,0.0001,10000000000000,10.539364576339722
905,7,2,256,0.0001,10000000000000,10.539364576339722
134,4,12,128,0.001,10000000000000,10.534895585649078
134,4,12,128,0.001,10000000000000,10.534895585649078
1009,3,15,128,0.0001,10000000000000,10.544648710250854
135,3,13,128,0.0001,10000000000000,10.539618668276146
921,24,10,256,0.001,10000000000000,10.544657363891602
136,4,12,256,0.001,10000000000000,10.531752165453408
933,8,16,256,0.0001,10000000000000,10.541396894454955
933,8,16,256,0.0001,10000000000000,10.541396894454955
525,17,12,256,0.001,10000000000000,10.5453706741333
932,9,15,256,0.001,10000000000000,10.54366701221466
396,21,3,256,0.0001,10000000000000,10.534063156700135
396,21,3,256,0.0001,10000000000000,10.534063156700135
929,8,5,128,0.0001,10000000000000,10.545131273269654
397,20,4,128,0.0001,10000000000000,10.539380674362183
183,24,5,256,0.001,10000000000000,10.539322570419312
398,19,3,128,0.0001,10000000000000,10.53300839214325
404,15,15,128,0.001,10000000000000,10.54025489139557
399,18,4,128,0.001,10000000000000,10.545082021236421
865,6,15,128,0.001,10000000000000,10.539999046421052
398,19,3,128,0.001,10000000000000,10.551941525268553
900,20,12,128,0.001,10000000000000,10.546030554580689
397,18,2,128,0.001,10000000000000,10.551784907150267
191,22,5,128,0.0001,10000000000000,10.541746219745072
398,17,2,128,0.001,10000000000000,10.550451730823516
157,13,15,128,0.001,10000000000000,10.535019218333435
157,13,15,128,0.001,10000000000000,10.535019218333435
684,2,5,128,0.001,10000000000000,10.541193404293063
158,12,14,128,0.001,10000000000000,10.535019218333435
554,8,13,128,0.001,10000000000000,10.537678337192535
159,11,13,128,0.001,10000000000000,10.532899314426965
621,15,11,128,0.0001,10000000000000,10.547033580493926
160,12,12,128,0.0001,10000000000000,10.541730732257681
135,9,3,256,0.0001,10000000000000,10.536999569547023
135,9,3,256,0.0001,10000000000000,10.536999569547023
510,7,2,256,0.001,10000000000000,10.541474982643129
136,8,2,256,0.001,10000000000000,10.539115372020829
674,5,13,256,0.001,10000000000000,10.537195715236662
135,9,2,256,0.001,10000000000000,10.541818714888826
330,13,16,256,0.001,10000000000000,10.543082287311554
136,10,3,256,0.001,10000000000000,10.541818714888826
778,23,5,128,0.001,10000000000000,10.546409039115906
137,11,4,128,0.001,10000000000000,10.531323083668031
929,7,7,256,0.001,10000000000000,10.54390424823761
929,7,7,256,0.001,10000000000000,10.54390424823761
675,16,12,128,0.001,10000000000000,10.548652801513672
928,8,8,128,0.001,10000000000000,10.544847240447998
546,23,8,256,0.0001,10000000000000,10.546511812210083
927,9,8,256,0.0001,10000000000000,10.539414463043213
461,23,6,128,0.001,10000000000000,10.543705648517609
461,23,6,128,0.001,10000000000000,10.543705648517609
532,4,7,128,0.0001,10000000000000,10.540810754299164
532,4,7,128,0.0001,10000000000000,10.540810754299164
202,9,14,256,0.0001,10000000000000,10.53815298585892
202,9,14,256,0.0001,10000000000000,10.53815298585892
688,11,12,256,0.001,10000000000000,10.544797468185426
203,10,13,256,0.001,10000000000000,10.542564507293703
796,11,8,256,0.001,10000000000000,10.546578855514527
204,11,12,256,0.001,10000000000000,10.545932907676697
65,21,5,256,0.001,10000000000000,10.534586139224979
65,21,5,256,0.001,10000000000000,10.534586139224979
309,9,12,256,0.0001,10000000000000,10.548118629837036
66,20,6,256,0.0001,10000000000000,10.534145486312214
791,23,11,256,0.001,10000000000000,10.54512575149536
791,23,11,256,0.001,10000000000000,10.54512575149536
475,24,11,256,0.001,10000000000000,10.544427604675294
475,24,11,256,0.001,10000000000000,10.544427604675294
233,16,3,256,0.001,10000000000000,10.550111458110809
474,23,10,256,0.001,10000000000000,10.544081649780274
521,18,16,256,0.001,10000000000000,10.544813225936892
521,18,16,256,0.001,10000000000000,10.544813225936892
969,3,9,256,0.0001,10000000000000,10.540211368179321
969,3,9,256,0.0001,10000000000000,10.540211368179321
921,16,2,256,0.001,10000000000000,10.54649079322815
968,4,8,256,0.001,10000000000000,10.541860914230346
625,22,3,128,0.001,10000000000000,10.549478413391112
967,5,7,128,0.001,10000000000000,10.543813152313232
475,23,8,256,0.001,10000000000000,10.544081649780274
966,6,8,256,0.001,10000000000000,10.543426284790039
282,2,13,128,0.001,10000000000000,10.541017134919182
967,7,7,256,0.001,10000000000000,10.543725443840026
259,5,11,128,0.0001,10000000000000,10.54447782726287
966,6,8,128,0.0001,10000000000000,10.54173804283142
350,24,4,128,0.0001,10000000000000,10.54233792457581
965,7,7,128,0.0001,10000000000000,10.541829843521118
938,14,12,128,0.001,10000000000000,10.547317790985108
964,8,8,128,0.001,10000000000000,10.544847240447998
345,16,14,128,0.0001,10000000000000,10.541396729295943
965,7,7,128,0.001,10000000000000,10.545116701126098
200,22,10,256,0.001,10000000000000,10.545028524494171
966,6,6,128,0.001,10000000000000,10.541001586914062
956,6,6,128,0.001,10000000000000,10.5407488155365
967,6,6,128,0.001,10000000000000,10.541001586914062
105,8,12,256,0.0001,10000000000000,10.539770140025682
105,8,12,256,0.0001,10000000000000,10.539770140025682
439,20,16,128,0.0001,10000000000000,10.539262127304077
439,20,16,128,0.0001,10000000000000,10.539262127304077
793,22,16,256,0.0001,10000000000000,10.539473638534545
440,21,16,256,0.0001,10000000000000,10.539045724868775
445,19,4,128,0.0001,10000000000000,10.54005793838501
441,20,15,128,0.0001,10000000000000,10.539262127304077
665,11,2,128,0.001,10000000000000,10.550758539962766
442,19,14,128,0.001,10000000000000,10.544608621406555
341,12,7,256,0.001,10000000000000,10.54522295255661
441,18,13,256,0.001,10000000000000,10.544977591705324
410,21,2,128,0.0001,10000000000000,10.53300839214325
410,21,2,128,0.0001,10000000000000,10.53300839214325
231,6,11,256,0.0001,10000000000000,10.545192958559035
409,20,3,256,0.0001,10000000000000,10.534063156700135
468,19,4,256,0.001,10000000000000,10.542777928829194
410,19,4,256,0.001,10000000000000,10.543026504039766
553,9,16,128,0.0001,10000000000000,10.542194577911378
409,20,3,256,0.001,10000000000000,10.549327144622803
247,18,13,128,0.0001,10000000000000,10.53935268472332
410,21,2,256,0.001,10000000000000,10.549327144622803
476,12,6,256,0.001,10000000000000,10.543050212860107
409,22,2,256,0.001,10000000000000,10.54929602622986
165,19,16,256,0.0001,10000000000000,10.541495130128117
410,23,2,256,0.001,10000000000000,10.54929602622986
409,12,3,256,0.001,10000000000000,10.54221360206604
411,24,2,256,0.001,10000000000000,10.54929602622986
780,17,8,128,0.0001,10000000000000,10.541700191497803
410,24,2,256,0.001,10000000000000,10.54929602622986
407,23,16,128,0.001,10000000000000,10.544608621406555
411,24,2,256,0.001,10000000000000,10.54929602622986
705,20,8,128,0.001,10000000000000,10.546817421722412
410,24,2,256,0.001,10000000000000,10.54929602622986
891,4,5,128,0.001,10000000000000,10.54336070280075
409,24,2,256,0.001,10000000000000,10.54929602622986
458,2,3,256,0.0001,10000000000000,10.537663575267793
408,24,2,256,0.001,10000000000000,10.54929602622986
523,17,14,128,0.0001,10000000000000,10.538471611118316
407,24,2,256,0.001,10000000000000,10.54929602622986
149,13,5,256,0.001,10000000000000,10.533699031734466
408,24,2,256,0.001,10000000000000,10.54929602622986
505,8,7,128,0.001,10000000000000,10.540908098220825
407,24,2,256,0.001,10000000000000,10.54929602622986
905,24,2,256,0.001,10000000000000,10.54679144859314
406,24,2,256,0.001,10000000000000,10.54929602622986
185,17,8,256,0.001,10000000000000,10.54434802750778
407,24,2,256,0.001,10000000000000,10.54929602622986
720,3,14,128,0.001,10000000000000,10.530754040050509
720,3,14,128,0.001,10000000000000,10.530754040050509
171,8,9,256,0.0001,10000000000000,10.541186616631697
719,4,13,256,0.0001,10000000000000,10.54423795003891
623,6,3,256,0.001,10000000000000,10.547759189605713
718,5,12,256,0.001,10000000000000,10.535912938404083
641,14,12,256,0.0001,10000000000000,10.542395944595336
717,6,12,256,0.0001,10000000000000,10.539179149246216
759,12,15,256,0.0001,10000000000000,10.53819471359253
716,5,11,256,0.0001,10000000000000,10.536373567581176
714,23,15,128,0.001,10000000000000,10.542749703598021
715,6,12,128,0.001,10000000000000,10.541256060886383
73,12,13,256,0.0001,10000000000000,10.534220629816504
716,5,11,128,0.001,10000000000000,10.535536699867247
100,18,4,256,0.001,10000000000000,10.532269538784027
717,4,12,128,0.001,10000000000000,10.536405602359771
926,14,11,256,0.0001,10000000000000,10.539968814849853
718,5,11,256,0.0001,10000000000000,10.536373567581176
131,4,10,128,0.001,10000000000000,10.535158098704462
719,6,12,256,0.0001,10000000000000,10.539179149246216
294,6,2,256,0.001,10000000000000,10.538198985576628
720,3,14,128,0.001,10000000000000,10.530754040050509
720,3,7,128,0.001,10000000000000,10.54017711391449
720,3,11,128,0.001,10000000000000,10.540122153663635
720,3,13,128,0.001,10000000000000,10.530754040050509
720,14,14,128,0.001,10000000000000,10.539927501678466
720,8,14,128,0.001,10000000000000,10.540270071220398
720,5,14,128,0.001,10000000000000,10.535704927921294
720,4,14,128,0.001,10000000000000,10.531195587635041
240,3,14,128,0.001,10000000000000,10.540751308459296
480,3,14,128,0.001,10000000000000,10.54139959357071
600,3,14,128,0.001,10000000000000,10.538371136964793
660,3,14,128,0.001,10000000000000,10.529635753250123
630,3,14,128,0.001,10000000000000,10.53246982336044
645,3,14,128,0.001,10000000000000,10.529635753250123
653,3,14,128,0.001,10000000000000,10.529635753250123
657,3,14,128,0.001,10000000000000,10.529635753250123
659,3,14,128,0.001,10000000000000,10.529635753250123
660,3,14,128,0.001,10000000000000,10.529635753250123
660,3,7,128,0.001,10000000000000,10.540465443706513
660,3,11,128,0.001,10000000000000,10.540410483455657
660,3,13,128,0.001,10000000000000,10.529635753250123
660,14,14,128,0.001,10000000000000,10.540802702140809
660,8,14,128,0.001,10000000000000,10.539877233695984
660,5,14,128,0.001,10000000000000,10.531195587635041
660,4,14,128,0.001,10000000000000,10.533057856941223
180,3,14,128,0.001,10000000000000,10.531022172009392
420,3,14,128,0.001,10000000000000,10.541060183170318
540,3,14,128,0.001,10000000000000,10.541269738306045
600,3,14,128,0.001,10000000000000,10.538371136964793
630,3,14,128,0.001,10000000000000,10.53246982336044
645,3,14,128,0.001,10000000000000,10.529635753250123
653,3,14,128,0.001,10000000000000,10.529635753250123
657,3,14,128,0.001,10000000000000,10.529635753250123
659,3,14,128,0.001,10000000000000,10.529635753250123
660,3,7,128,0.001,10000000000000,10.540465443706513
660,3,11,128,0.001,10000000000000,10.540410483455657
660,3,13,128,0.001,10000000000000,10.529635753250123
660,14,14,128,0.001,10000000000000,10.540802702140809
660,8,14,128,0.001,10000000000000,10.539877233695984
660,5,14,128,0.001,10000000000000,10.531195587635041
660,4,14,128,0.001,10000000000000,10.533057856941223
180,3,14,128,0.001,10000000000000,10.531022172009392
420,3,14,128,0.001,10000000000000,10.541060183170318
540,3,14,128,0.001,10000000000000,10.541269738306045
600,3,14,128,0.001,10000000000000,10.538371136964793
630,3,14,128,0.001,10000000000000,10.53246982336044
645,3,14,128,0.001,10000000000000,10.529635753250123
653,3,14,128,0.001,10000000000000,10.529635753250123
657,3,14,128,0.001,10000000000000,10.529635753250123
659,3,14,128,0.001,10000000000000,10.529635753250123
660,3,14,128,0.001,10000000000000,10.529635753250123
660,3,14,256,0.001,10000000000000,10.536440057373047
660,3,8,128,0.001,10000000000000,10.540465443706513
660,3,11,128,0.001,10000000000000,10.540410483455657
660,3,13,128,0.001,10000000000000,10.529635753250123
660,14,14,128,0.001,10000000000000,10.540802702140809
660,8,14,128,0.001,10000000000000,10.539877233695984
660,5,14,128,0.001,10000000000000,10.531195587635041
660,4,14,128,0.001,10000000000000,10.533057856941223
362,3,14,128,0.001,10000000000000,10.540771983432771
511,3,14,128,0.001,10000000000000,10.54139959357071
586,3,14,128,0.001,10000000000000,10.538371136964793
623,3,14,128,0.001,10000000000000,10.53246982336044
642,3,14,128,0.001,10000000000000,10.529635753250123
651,3,14,128,0.001,10000000000000,10.529635753250123
656,3,14,128,0.001,10000000000000,10.529635753250123
658,3,14,128,0.001,10000000000000,10.529635753250123
659,3,14,128,0.001,10000000000000,10.529635753250123
660,3,14,128,0.001,10000000000000,10.529635753250123
660,3,14,256,0.001,10000000000000,10.536440057373047
660,3,8,128,0.001,10000000000000,10.540465443706513
660,3,11,128,0.001,10000000000000,10.540410483455657
660,3,13,128,0.001,10000000000000,10.529635753250123
660,3,8,128,0.001,10000000000000,10.540465443706513
660,3,11,128,0.001,10000000000000,10.540410483455657
660,3,13,128,0.001,10000000000000,10.529635753250123
660,14,14,128,0.001,10000000000000,10.540802702140809
660,8,14,128,0.001,10000000000000,10.539877233695984
660,5,14,128,0.001,10000000000000,10.531195587635041
660,4,14,128,0.001,10000000000000,10.533057856941223
362,3,14,128,0.001,10000000000000,10.540771983432771
511,3,14,128,0.001,10000000000000,10.54139959357071
586,3,14,128,0.001,10000000000000,10.538371136964793
623,3,14,128,0.001,10000000000000,10.53246982336044
642,3,14,128,0.001,10000000000000,10.529635753250123
651,3,14,128,0.001,10000000000000,10.529635753250123
656,3,14,128,0.001,10000000000000,10.529635753250123
658,3,14,128,0.001,10000000000000,10.529635753250123
659,3,14,128,0.001,10000000000000,10.529635753250123
660,3,14,128,0.0001,10000000000000,10.549911662197115
660,3,14,256,0.001,10000000000000,10.536440057373047
660,3,8,128,0.001,30000000000000,10.54035071439743
660,3,5,128,0.001,30000000000000,10.539379292106627
660,3,4,128,0.001,30000000000000,10.539379292106627
660,14,5,128,0.001,30000000000000,10.54382664680481
660,8,5,128,0.001,30000000000000,10.542338209152222
660,5,5,128,0.001,30000000000000,10.53410023174286
660,6,5,128,0.001,30000000000000,10.542303707408905
362,5,5,128,0.001,30000000000000,10.50785689785739
213,5,5,128,0.001,30000000000000,10.503670560756353
139,5,5,128,0.001,30000000000000,10.435098385049423
102,5,5,128,0.001,30000000000000,10.434932685470104
84,5,5,128,0.001,30000000000000,10.295132665724315
75,5,5,128,0.001,30000000000000,10.295132665724315
80,5,5,128,0.001,30000000000000,10.295132665724315
82,5,5,128,0.001,30000000000000,10.295132665724315
83,5,5,128,0.001,30000000000000,10.295132665724315
84,5,5,128,0.0001,30000000000000,10.519410559857931
84,5,5,256,0.001,30000000000000,10.479541634917469
84,5,11,128,0.001,30000000000000,10.297613212523363
84,5,8,128,0.001,30000000000000,10.2966147020893
84,5,6,128,0.001,30000000000000,10.294589552809152
84,15,6,128,0.001,30000000000000,10.375467567989835
84,10,6,128,0.001,30000000000000,10.32822025009573
84,7,6,128,0.001,30000000000000,10.32008603970208
84,6,6,128,0.001,30000000000000,10.32163371782965
554,5,6,128,0.001,30000000000000,10.538339391382223
319,5,6,128,0.001,30000000000000,10.508312983396968
201,5,6,128,0.001,30000000000000,10.50376793720823
142,5,6,128,0.001,30000000000000,10.43619140281024
113,5,6,128,0.001,30000000000000,10.436225290415898
98,5,6,128,0.001,30000000000000,10.443821613742841
91,5,6,128,0.001,30000000000000,10.322006714545022
87,5,6,128,0.001,30000000000000,10.294589552809152
85,5,6,128,0.001,30000000000000,10.294589552809152
84,5,6,128,0.0001,30000000000000,10.519836172747722
84,5,6,256,0.001,30000000000000,10.478702075939283
84,5,11,128,0.001,60000000000000,9.772355413840826
84,5,13,128,0.001,60000000000000,9.772531246539595
84,5,12,128,0.001,60000000000000,9.772355413840826
84,15,11,128,0.001,60000000000000,9.962676635222179
84,10,11,128,0.001,60000000000000,9.854545185470137
84,7,11,128,0.001,60000000000000,9.841908703660943
84,6,11,128,0.001,60000000000000,9.820036147900586
554,5,11,128,0.001,60000000000000,10.512534289941222
319,5,11,128,0.001,60000000000000,10.43997656606456
201,5,11,128,0.001,60000000000000,10.381510421880286
142,5,11,128,0.001,60000000000000,10.185844957527761
113,5,11,128,0.001,60000000000000,10.151874760472241
98,5,11,128,0.001,60000000000000,10.138111381058375
91,5,11,128,0.001,60000000000000,9.819050887108048
87,5,11,128,0.001,60000000000000,9.772355413840826
85,5,11,128,0.001,60000000000000,9.772355413840826
84,5,11,128,0.0001,60000000000000,10.467834927785907
84,5,11,256,0.001,60000000000000,10.294192857708262
84,5,7,128,0.001,60000000000000,9.771186664354012
84,5,5,128,0.001,60000000000000,9.768441798230759
84,5,4,128,0.001,60000000000000,9.768441798230759
84,15,5,128,0.001,60000000000000,9.960905340913795
84,10,5,128,0.001,60000000000000,9.850204316690743
84,7,5,128,0.001,60000000000000,9.836900740128504
84,6,5,128,0.001,60000000000000,9.818266525187525
554,5,5,128,0.001,60000000000000,10.51717448550703
319,5,5,128,0.001,60000000000000,10.44476892325872
201,5,5,128,0.001,60000000000000,10.381122384571242
142,5,5,128,0.001,60000000000000,10.185242142356081
113,5,5,128,0.001,60000000000000,10.154417858860134
98,5,5,128,0.001,60000000000000,10.145396392706639
91,5,5,128,0.001,60000000000000,9.817625141127767
87,5,5,128,0.001,60000000000000,9.768441798230759
85,5,5,128,0.001,60000000000000,9.768441798230759
84,5,5,128,0.0001,60000000000000,10.459843605634116
84,5,5,256,0.001,60000000000000,10.296757186073574
496,14,14,256,0.001,30000000000000,10.544635041427615
280,14,14,256,0.001,30000000000000,10.538024196338661
172,14,14,256,0.001,30000000000000,10.51818652750331
118,14,14,256,0.001,30000000000000,10.517877366098315
91,14,14,256,0.001,30000000000000,10.485603487938084
78,14,14,256,0.001,30000000000000,10.468109854433836
72,14,14,256,0.001,30000000000000,10.47305635762917
75,14,14,256,0.001,30000000000000,10.468109854433836
77,14,14,256,0.001,30000000000000,10.468109854433836
78,14,14,256,0.0001,30000000000000,10.535032531732806
78,8,14,256,0.001,30000000000000,10.476023914837313
78,11,14,256,0.001,30000000000000,10.47305635762917
78,13,14,256,0.001,30000000000000,10.468109854433836
78,14,14,128,0.001,30000000000000,10.373907224786581
78,14,8,128,0.001,30000000000000,10.37971314476859
78,14,11,128,0.001,30000000000000,10.380069143915776
78,14,13,128,0.001,30000000000000,10.373907224786581
78,14,8,128,0.001,30000000000000,10.37971314476859
78,14,11,128,0.001,30000000000000,10.380069143915776
78,14,13,128,0.001,30000000000000,10.373907224786581
78,8,14,128,0.001,30000000000000,10.327353451359556
78,5,14,128,0.001,30000000000000,10.300245892830292
78,4,14,128,0.001,30000000000000,10.306220326074508
551,5,14,128,0.001,30000000000000,10.534020063018797
314,5,14,128,0.001,30000000000000,10.508706747770969
196,5,14,128,0.001,30000000000000,10.503997348981908
137,5,14,128,0.001,30000000000000,10.425818745322138
107,5,14,128,0.001,30000000000000,10.426748252272207
92,5,14,128,0.001,30000000000000,10.329544378787503
85,5,14,128,0.001,30000000000000,10.300245892830292
81,5,14,128,0.001,30000000000000,10.300245892830292
79,5,14,128,0.001,30000000000000,10.300245892830292
78,5,14,128,0.0001,30000000000000,10.526355697160293
78,5,14,256,0.001,30000000000000,10.482222607304662
496,14,14,256,0.001,60000000000000,10.544735852241516
280,14,14,256,0.001,60000000000000,10.530892726333594
172,14,14,256,0.001,60000000000000,10.48080787093204
118,14,14,256,0.001,60000000000000,10.458615960095957
91,14,14,256,0.001,60000000000000,10.387226472549948
78,14,14,256,0.001,60000000000000,10.354218403272794
72,14,14,256,0.001,60000000000000,10.322477792232627
69,14,14,256,0.001,60000000000000,10.322477792232627
71,14,14,256,0.001,60000000000000,10.322477792232627
72,14,14,256,0.0001,60000000000000,10.504812231489487
72,8,14,256,0.001,60000000000000,10.296362886870408
72,5,14,256,0.001,60000000000000,10.276424455842832
72,4,14,256,0.001,60000000000000,10.278212412789806
72,5,14,128,0.001,60000000000000,9.771069279175533
72,5,8,128,0.001,60000000000000,9.769737713270787
72,5,5,128,0.001,60000000000000,9.766992847147534
72,5,4,128,0.001,60000000000000,9.766992847147534
Gradient Descent Search with 60000000000000 flops
Optimizing num_heads
72,5,11,128,0.001,60000000000000,9.770893446476766
72,5,8,128,0.001,60000000000000,9.769737713270787
72,5,6,128,0.001,60000000000000,9.764853627058834
Optimizing num_layers
72,15,6,128,0.001,60000000000000,9.964013598790658
72,10,6,128,0.001,60000000000000,9.836526577556594
72,7,6,128,0.001,60000000000000,9.787812237361344
72,6,6,128,0.001,60000000000000,9.765495011118594
Optimizing d_model
548,5,6,128,0.001,60000000000000,10.51691973675413
310,5,6,128,0.001,60000000000000,10.444725168596861
191,5,6,128,0.001,60000000000000,10.254482130793319
131,5,6,128,0.001,60000000000000,10.153668448991585
101,5,6,128,0.001,60000000000000,10.152734168024233
86,5,6,128,0.001,60000000000000,9.76630257814206
79,5,6,128,0.001,60000000000000,9.764853627058834
75,5,6,128,0.001,60000000000000,9.764853627058834
73,5,6,128,0.001,60000000000000,9.764853627058834
Optimizing learning_rate
72,5,6,128,0.0001,60000000000000,10.45885093635497
Optimizing batch_size
72,5,6,256,0.001,60000000000000,10.296797381019282
Gradient Descent Search with 60000000000000 flops
Optimizing num_heads
72,5,11,128,0.001,60000000000000,9.770893446476766
72,5,8,128,0.001,60000000000000,9.769737713270787
72,5,7,128,0.001,60000000000000,9.769737713270787
Optimizing num_layers
72,15,6,128,0.001,60000000000000,9.964013598790658
72,10,6,128,0.001,60000000000000,9.836526577556594
72,7,6,128,0.001,60000000000000,9.787812237361344
72,6,6,128,0.001,60000000000000,9.765495011118594
Optimizing d_model
548,5,6,128,0.001,60000000000000,10.51691973675413
310,5,6,128,0.001,60000000000000,10.444725168596861
191,5,6,128,0.001,60000000000000,10.254482130793319
131,5,6,128,0.001,60000000000000,10.153668448991585
101,5,6,128,0.001,60000000000000,10.152734168024233
86,5,6,128,0.001,60000000000000,9.76630257814206
79,5,6,128,0.001,60000000000000,9.764853627058834
75,5,6,128,0.001,60000000000000,9.764853627058834
73,5,6,128,0.001,60000000000000,9.764853627058834
Optimizing learning_rate
72,5,6,128,0.0001,60000000000000,10.45885093635497
Optimizing batch_size
72,5,6,256,0.001,60000000000000,10.296797381019282
Gradient Descent Search with 100000000000000 flops
Optimizing d_model
496,14,14,256,0.001,100000000000000,10.525025530489911
280,14,14,256,0.001,100000000000000,10.499914035486176
172,14,14,256,0.001,100000000000000,10.40512496552479
118,14,14,256,0.001,100000000000000,10.346638325771943
91,14,14,256,0.001,100000000000000,10.17769746346892
78,14,14,256,0.001,100000000000000,10.103319502926338
72,14,14,256,0.001,100000000000000,10.02809445057817
69,14,14,256,0.001,100000000000000,10.02809445057817
71,14,14,256,0.001,100000000000000,10.02809445057817
Optimizing learning_rate
72,14,14,256,0.0001,100000000000000,10.444989241945
Optimizing num_layers
72,8,14,256,0.001,100000000000000,9.995069413435688
72,5,14,256,0.001,100000000000000,9.954865422511743
72,4,14,256,0.001,100000000000000,9.91910087902406
Optimizing batch_size
72,4,14,128,0.001,100000000000000,9.018300336591647
Optimizing num_heads
72,4,8,128,0.001,100000000000000,9.025692632768326
72,4,11,128,0.001,100000000000000,9.024824764157415
72,4,13,128,0.001,100000000000000,9.018300336591647
Gradient Descent Search with 300000000000000 flops
Optimizing d_model
496,14,14,256,0.001,300000000000000,10.443416514126525
280,14,14,256,0.001,300000000000000,10.270396146700431
172,14,14,256,0.001,300000000000000,9.814787974405288
118,14,14,256,0.001,300000000000000,9.543345584611616
91,14,14,256,0.001,300000000000000,8.94640981789762
78,14,14,256,0.001,300000000000000,8.76731265298151
72,14,14,256,0.001,300000000000000,8.644567544778301
69,14,14,256,0.001,300000000000000,8.644567544778301
71,14,14,256,0.001,300000000000000,8.644567544778301
Optimizing learning_rate
72,14,14,256,0.0001,300000000000000,9.988971326555982
Optimizing num_layers
72,8,14,256,0.001,300000000000000,8.57574918962517
72,5,14,256,0.001,300000000000000,8.50547865893495
72,4,14,256,0.001,300000000000000,8.46401750872599
Optimizing batch_size
72,4,14,128,0.001,300000000000000,7.731342002468873
Optimizing num_heads
72,4,8,128,0.001,300000000000000,7.731654706935778
72,4,11,128,0.001,300000000000000,7.734277796213555
72,4,13,128,0.001,300000000000000,7.731342002468873
Gradient Descent Search with 300000000000000 flops
Optimizing num_heads
72,4,8,128,0.001,300000000000000,7.731654706935778
72,4,11,128,0.001,300000000000000,7.734277796213555
72,4,13,128,0.001,300000000000000,7.731342002468873
Optimizing num_layers
72,14,14,128,0.001,300000000000000,7.7677904837590495
72,9,14,128,0.001,300000000000000,7.742578477449777
72,6,14,128,0.001,300000000000000,7.728489799361633
72,7,14,128,0.001,300000000000000,7.727053650809275
Optimizing d_model
548,7,14,128,0.001,300000000000000,10.172186654727318
310,7,14,128,0.001,300000000000000,9.613429061718252
191,7,14,128,0.001,300000000000000,8.913760279384467
131,7,14,128,0.001,300000000000000,8.524423528123176
101,7,14,128,0.001,300000000000000,8.413812651006973
86,7,14,128,0.001,300000000000000,7.74197920051947
79,7,14,128,0.001,300000000000000,7.74197920051947
75,7,14,128,0.001,300000000000000,7.727053650809275
73,7,14,128,0.001,300000000000000,7.727053650809275
Optimizing learning_rate
72,7,14,128,0.0001,300000000000000,9.279138024964821
Optimizing batch_size
72,7,14,256,0.001,300000000000000,8.53348271466445
Gradient Descent Search with 600000000000000 flops
Optimizing d_model
496,14,14,256,0.001,600000000000000,10.26013877126645
280,14,14,256,0.001,600000000000000,9.929543361232668
172,14,14,256,0.001,600000000000000,9.008293978627744
118,14,14,256,0.001,600000000000000,8.662793263294384
91,14,14,256,0.001,600000000000000,8.128052489031946
78,14,14,256,0.001,600000000000000,7.794511616781036
72,14,14,256,0.001,600000000000000,7.716858469731904
69,14,14,256,0.001,600000000000000,7.716858469731904
71,14,14,256,0.001,600000000000000,7.716858469731904
Optimizing learning_rate
72,14,14,256,0.0001,600000000000000,9.470574400753383
Optimizing num_layers
72,8,14,256,0.001,600000000000000,7.671158423548571
72,5,14,256,0.001,600000000000000,7.638342114789838
72,4,14,256,0.001,600000000000000,7.644460382218391
Optimizing batch_size
72,5,14,128,0.001,600000000000000,7.109543186456803
Optimizing num_heads
72,5,8,128,0.001,600000000000000,7.115901932133644
72,5,11,128,0.001,600000000000000,7.115715573205153
72,5,13,128,0.001,600000000000000,7.109543186456803
633,21,14,256,0.0001,10000000000000,10.5388325881958
433,9,3,128,0.001,10000000000000,10.542294078445437
108,2,2,128,0.0001,10000000000000,10.539275598885315
331,16,14,256,0.001,10000000000000,10.54388244199753
166,4,2,256,0.0001,10000000000000,10.538216804401047
967,23,16,128,0.0001,10000000000000,10.54150207939148
1024,6,10,256,0.001,10000000000000,10.54351058959961
976,24,7,256,0.0001,10000000000000,10.541343183517457
65,14,6,128,0.001,10000000000000,10.515331940839683
719,21,4,128,0.001,10000000000000,10.546409039115906
633,21,14,256,0.0001,10000000000000,10.5388325881958
433,9,3,128,0.001,10000000000000,10.542294078445437
844,13,7,256,0.001,10000000000000,10.546669511795043
686,10,15,128,0.0001,10000000000000,10.540011472061158
320,18,9,256,0.0001,10000000000000,10.534789200496673
65,22,5,128,0.001,10000000000000,10.52737630744962
64,24,16,128,0.001,10000000000000,10.504495683085041
68,15,16,128,0.0001,10000000000000,10.528625674197048
64,2,16,256,0.001,10000000000000,10.53158253359023
384,24,16,128,0.001,10000000000000,10.54466251707077
1022,24,15,256,0.0001,10000000000000,10.541471929550172
201,2,7,128,0.0001,10000000000000,10.54452565407548
1024,2,7,128,0.0001,10000000000000,10.54214864730835
156,24,16,256,0.0001,10000000000000,10.541495130128117
537,2,5,256,0.001,10000000000000,10.53901384953499
933,24,10,128,0.0001,10000000000000,10.542438290596008
753,11,6,256,0.001,10000000000000,10.543291664123535
121,22,16,128,0.001,10000000000000,10.537342106807777
263,24,7,256,0.0001,10000000000000,10.529212189769744
496,24,4,128,0.001,10000000000000,10.54443970117569
633,21,14,256,0.0001,30000000000000,10.538750209808349
433,9,3,128,0.001,30000000000000,10.540884039020538
844,13,7,256,0.001,30000000000000,10.54630103855133
686,10,15,128,0.0001,30000000000000,10.540293788269043
439,18,11,256,0.0001,30000000000000,10.543548049736023
981,2,13,128,0.001,30000000000000,10.528194896221162
121,3,3,128,0.0001,30000000000000,10.537158084019541
1024,24,5,128,0.001,30000000000000,10.546835441112519
501,2,16,256,0.0001,30000000000000,10.535300123833867
842,2,8,256,0.0001,30000000000000,10.534727382850647
70,24,7,256,0.0001,30000000000000,10.528147130663022
64,5,15,256,0.001,30000000000000,10.483459421331748
222,24,16,128,0.001,30000000000000,10.543662365610565
606,21,15,256,0.001,30000000000000,10.543249772262575
64,2,9,256,0.0001,30000000000000,10.546216867171488
1024,5,2,128,0.001,30000000000000,10.547737815093994
64,2,16,128,0.001,30000000000000,10.323533443288492
64,24,15,128,0.0001,30000000000000,10.48198646547194
82,22,16,128,0.001,30000000000000,10.415055502977925
68,17,8,128,0.001,30000000000000,10.381172541546073
633,21,14,256,0.0001,60000000000000,10.54139497241974
433,9,3,128,0.001,60000000000000,10.51573270613888
844,13,7,256,0.001,60000000000000,10.547990420722961
686,10,15,128,0.0001,60000000000000,10.534829538944244
1017,22,7,128,0.0001,60000000000000,10.54374303817749
1016,23,2,256,0.0001,60000000000000,10.532647825813292
64,7,3,128,0.001,60000000000000,9.806181048609496
64,24,16,256,0.0001,60000000000000,10.467798323867004
64,24,16,256,0.001,60000000000000,10.379529342687563
64,2,16,256,0.0001,60000000000000,10.528847182015319
64,4,2,128,0.001,60000000000000,9.742217041960902
64,24,2,256,0.001,60000000000000,10.382629485910162
138,2,16,128,0.001,60000000000000,10.122327851643496
64,2,16,256,0.001,60000000000000,10.320538083151797
79,2,13,128,0.001,60000000000000,9.722209723757196
82,24,2,128,0.001,60000000000000,10.123931544818522
68,2,6,128,0.001,60000000000000,9.717390423757854
71,2,16,128,0.001,60000000000000,9.714867187623547
70,2,16,128,0.0001,60000000000000,10.503189801560872
355,24,5,128,0.0001,60000000000000,10.534125131421838
633,21,14,256,0.0001,100000000000000,10.538537285614016
433,9,3,128,0.001,100000000000000,10.457707540853642
844,13,7,256,0.001,100000000000000,10.531558953952787
686,10,15,128,0.0001,100000000000000,10.53632581194442
318,3,4,128,0.001,100000000000000,10.146362470032853
128,2,2,128,0.001,100000000000000,9.654935266544063
97,2,2,128,0.001,100000000000000,9.577868162625537
82,4,2,128,0.001,100000000000000,9.092424373644054
64,24,16,256,0.0001,100000000000000,10.445714080271255
64,20,5,256,0.0001,100000000000000,10.44222245872084
80,10,3,128,0.001,100000000000000,9.184777596560705
83,2,2,128,0.001,100000000000000,8.992575675454818
88,12,12,256,0.001,100000000000000,10.11139722644198
85,21,7,128,0.001,100000000000000,9.664853310272832
73,2,14,128,0.001,100000000000000,8.98475701831507
77,2,5,128,0.001,100000000000000,8.98356692274047
173,2,3,128,0.0001,100000000000000,10.457040953804835
77,2,4,128,0.001,100000000000000,8.98356692274047
77,2,16,128,0.0001,100000000000000,10.418104599482968
77,2,16,128,0.001,100000000000000,8.98475701831507
633,21,14,256,0.0001,300000000000000,10.532877586570836
433,9,3,128,0.001,300000000000000,10.034781276209143
844,13,7,256,0.001,300000000000000,10.522777625160211
686,10,15,128,0.0001,300000000000000,10.479312716745985
405,21,2,128,0.001,300000000000000,10.274698929144868
437,9,3,128,0.001,300000000000000,10.034781276209143
428,7,3,128,0.001,300000000000000,10.057578720901102
940,24,3,128,0.0001,300000000000000,10.520957405576715
1024,11,16,128,0.001,300000000000000,10.487313926024424
120,10,2,256,0.0001,300000000000000,10.232764999685191
432,10,2,256,0.0001,300000000000000,10.507233587014227
194,10,15,256,0.001,300000000000000,9.898900894859791
64,12,6,128,0.001,300000000000000,7.766497336505006
64,15,6,128,0.001,300000000000000,7.776918815107889
64,2,7,128,0.001,300000000000000,7.763193636630521
100,2,13,128,0.0001,300000000000000,9.49273476046647
64,2,6,128,0.0001,300000000000000,9.19852460977308
71,2,16,128,0.001,300000000000000,7.7636560062984366
64,2,16,256,0.001,300000000000000,8.428862306488213
71,2,2,128,0.001,300000000000000,7.764175824878952
